# Redirect www to apex
https://www.bristanback.com/* https://bristanback.com/:splat 301

# Note → Post promotions (add when promoting notes to posts)
/notes/multi-agent-moment  /posts/2026/02/06/multi-agent-moment  301

# Draft → Post promotions
/drafts/why-everyone-needs-soul-md/  /posts/why-everyone-needs-soul-md/  301

# Photography series slug cleanup
/notes/photography-as-interface-pt2/  /notes/photography-as-interface/  301
/drafts/photography-as-interface-pt2/  /notes/photography-as-interface/  301

# Notes ↔ Posts reclassification redirects
/notes/when-do-we-stop-talking-about-ai/  /posts/when-do-we-stop-talking-about-ai/  301
/notes/when-do-we-stop-talking-about-ai  /posts/when-do-we-stop-talking-about-ai/  301
/notes/what-cameras-taught-me/  /posts/what-cameras-taught-me/  301
/notes/what-cameras-taught-me  /posts/what-cameras-taught-me/  301

# Redirect alternate domains to primary
https://brianstanback.com/* https://bristanback.com/:splat 301
https://www.brianstanback.com/* https://bristanback.com/:splat 301
https://briannastanback.com/* https://bristanback.com/:splat 301
https://www.briannastanback.com/* https://bristanback.com/:splat 301
https://stanback.net/* https://bristanback.com/:splat 301
https://www.stanback.net/* https://bristanback.com/:splat 301
